layer,tensor,donor_shard,dtype,shape,nbytes,sha256
15,model.language_model.layers.15.self_attn.o_proj.weight,model-00018-of-00120.safetensors,BF16,4096x16384,134217728,115fdf1807dc90c29d36c3bfdc6a972226d5b92becff587d2cc24db21832116a
16,model.language_model.layers.16.self_attn.o_proj.weight,model-00020-of-00120.safetensors,BF16,4096x8192,67108864,6c3f0e7914963251cd7d0b39f171269d8e439cee769d2ce0dcd52eaf5c9622bc
17,model.language_model.layers.17.self_attn.o_proj.weight,model-00023-of-00120.safetensors,BF16,4096x8192,67108864,6f46b0af59d7e7e80c238a48c21595c0f2674897e0eb80d48f2db0756ddace4d
18,model.language_model.layers.18.self_attn.o_proj.weight,model-00026-of-00120.safetensors,BF16,4096x8192,67108864,60489af098011df23d313e48eb1b9d4c72c3a4356004f7523468f13970f33968
19,model.language_model.layers.19.self_attn.o_proj.weight,model-00029-of-00120.safetensors,BF16,4096x16384,134217728,e68835e86a6b945b1d38b0d086af7a0bbd6d9a670ea2cce0e49e07f4a55b637b
20,model.language_model.layers.20.self_attn.o_proj.weight,model-00032-of-00120.safetensors,BF16,4096x8192,67108864,864000907df731bf9d0f83c10926361b3194d999fd368ba784bf63417fb85692
21,model.language_model.layers.21.self_attn.o_proj.weight,model-00034-of-00120.safetensors,BF16,4096x8192,67108864,94b5e17e13fe936e13e76b1a7df5a9e5082c51ac93fb89deaa226fae31d8a618
22,model.language_model.layers.22.self_attn.o_proj.weight,model-00037-of-00120.safetensors,BF16,4096x8192,67108864,669734616d63a913a791d35ab8ec73aeebe758de70f3cf29568ac7888cfbb32f
23,model.language_model.layers.23.self_attn.o_proj.weight,model-00040-of-00120.safetensors,BF16,4096x16384,134217728,b1e0ba4aeb30baa9b1a8f20bc64e7dc37cd69fac36f66008a13e585e6aaa896f
24,model.language_model.layers.24.self_attn.o_proj.weight,model-00043-of-00120.safetensors,BF16,4096x8192,67108864,1b5c63e304949adb06b2495a5be6734112a205d3f4e313bb903a76e83da8a021
25,model.language_model.layers.25.self_attn.o_proj.weight,model-00045-of-00120.safetensors,BF16,4096x8192,67108864,ed6a47722d53477d8ab9b58645e86a2abcf03a83e035f6d3fc6700ac58eb9f6b
26,model.language_model.layers.26.self_attn.o_proj.weight,model-00048-of-00120.safetensors,BF16,4096x8192,67108864,59ef61616332898a0e931342c0fb025498e9ea5dd89cf255b5fc59a86a765e3f
27,model.language_model.layers.27.self_attn.o_proj.weight,model-00051-of-00120.safetensors,BF16,4096x16384,134217728,77352bb5c08aabdb0130d427d55ccf2d843c7d50a4db3d6a135b92c86b6edc0a
28,model.language_model.layers.28.self_attn.o_proj.weight,model-00054-of-00120.safetensors,BF16,4096x8192,67108864,c38dea5d689dd46204669a8f258527bc2e177d4755c94d397d4e0ab37297650c
29,model.language_model.layers.29.self_attn.o_proj.weight,model-00057-of-00120.safetensors,BF16,4096x8192,67108864,9094f7d291cd44518cc760744e5f0b06a574acd9fa4da88e84577003b82e1cb3
30,model.language_model.layers.30.self_attn.o_proj.weight,model-00062-of-00120.safetensors,BF16,4096x8192,67108864,02bff7507e8086658c997e158ed90b10697a5f171be37cd1ea59b067766a6efc
31,model.language_model.layers.31.self_attn.o_proj.weight,model-00065-of-00120.safetensors,BF16,4096x16384,134217728,dc7933297c68636f60419e32f61ad1821652e1af6784e57756c8bfafccabc4c1
32,model.language_model.layers.32.self_attn.o_proj.weight,model-00068-of-00120.safetensors,BF16,4096x8192,67108864,5a1adec6e13fd238ecc598f76762b830edebb3c85473162e752da0c15c36281b
33,model.language_model.layers.33.self_attn.o_proj.weight,model-00070-of-00120.safetensors,BF16,4096x8192,67108864,f62bd38a770fe9cb935ab1d19eef1b9c0eb4e04ed4a43366ceb16e25acbc426f
34,model.language_model.layers.34.self_attn.o_proj.weight,model-00073-of-00120.safetensors,BF16,4096x8192,67108864,a7aa702dd14a19ef1bbead6b83bb088968bb9dbc5071aa52302cd7f1d1afaa5c
35,model.language_model.layers.35.self_attn.o_proj.weight,model-00076-of-00120.safetensors,BF16,4096x16384,134217728,4c9a2ae39a3b14fc3fa72679e6925f9cb4c939d9d22c87e8b3fa1516683abd33
36,model.language_model.layers.36.self_attn.o_proj.weight,model-00079-of-00120.safetensors,BF16,4096x8192,67108864,6a4cf41245edf171ce7a6f6c483b114c31027e87570cc61b1a0973c199e51f56
37,model.language_model.layers.37.self_attn.o_proj.weight,model-00081-of-00120.safetensors,BF16,4096x8192,67108864,83f8ed0955918ea3be4e52a0b1a3a62e460711839035b9b55e6a1c41bf5584f1
38,model.language_model.layers.38.self_attn.o_proj.weight,model-00084-of-00120.safetensors,BF16,4096x8192,67108864,1857299b73104aa186e058019296edc506ffff995a4e10ad051fa2ad771e1ae8
39,model.language_model.layers.39.self_attn.o_proj.weight,model-00087-of-00120.safetensors,BF16,4096x16384,134217728,7fe26fc2c6a3fb3c7f4d258d3277226ba25933153d835ddaa6bdae68100d550a
40,model.language_model.layers.40.self_attn.o_proj.weight,model-00092-of-00120.safetensors,BF16,4096x8192,67108864,b96f55d772e77e34f98e0fe225c48792948bc588735798c49cb11e5cf7f60b43
41,model.language_model.layers.41.self_attn.o_proj.weight,model-00095-of-00120.safetensors,BF16,4096x8192,67108864,7d5a04cd143b8c57ec2492c2b5810e09d0c3acde1c968a5fc6666b48a4a6df63
42,model.language_model.layers.42.self_attn.o_proj.weight,model-00098-of-00120.safetensors,BF16,4096x8192,67108864,3964e5dd6cd6a34a3e8bd3ce80fe9f2d7086385e53e84c62e2ce1964911be1f5
43,model.language_model.layers.43.self_attn.o_proj.weight,model-00101-of-00120.safetensors,BF16,4096x16384,134217728,01c19850ef06013489f2b1ed81bef1b960861214a8a44237c5081edff29dad34
44,model.language_model.layers.44.self_attn.o_proj.weight,model-00103-of-00120.safetensors,BF16,4096x8192,67108864,c7b8dae706801fe2c375636981d8422348b0ab0e49038b7446c814f11aa91378
45,model.language_model.layers.45.self_attn.o_proj.weight,model-00106-of-00120.safetensors,BF16,4096x16384,134217728,0727357b45f70869a1b119330c2a99abf824780ea795cd93a6fc45b72da7e024
