date,start_jst,log,structured_tokps,structured_ms_step,structured_acc,prose_tokps,prose_ms_step,prose_acc,coding_tokps,coding_ms_step,coding_acc,ja_tokps,ja_ms_step,ja_acc,pf_real8.5k_tokps,pf_real14.8k_tokps,pf_rand24k_tokps,apc97k_cold_ttft_s,apc97k_warm_cached,apc97k_warm_ttft_s,stream_gap_ms_2k_p50_p90_p99_max_n200,stream_gap_ms_40k_p50_p90_p99_max_n200,dvp_kl,dvp_top1_pct,long_kl,long_kl_p95,long_top1_pct,short_kl,klh_nll,klh_dvptf,gate32k_tokps,kl_reference,arm,change,status,source
2026-09-29,,r16b.log,95.98,82.94,7.0,41.88,73.32,2.12,56.83,81.72,3.68,,,,1772,1762,1791,52.59,96768,0.86,72/79/96/143/0,73/81/96/155/0,0.29433,95.31,0.0048,0.0162,99.19,0.0058,,,,R15 outputs on TR3 weights,R16b (quickwins + MLA prefill + kpool ring + hostloop),First R16 kit rollout; also 14-minute boot failure from side-stream fork/join crossing breakable PIECEWISE graph boundaries,reverted,measure/r16b.log
2026-09-29,,r16e.log,95.72,83.16,7.0,40.85,72.4,1.97,59.65,83.34,3.98,,,,,,,,,,,,0.00748,98.85,,,,,,,,R15 outputs on TR3 weights,R16e/f/g/h interim builds,"Interim R16 diagnostic builds (switch sets not recorded in measure logs; f = L2 prefetch fp8roof+warm, g = CTA 8->2 per notes)",rejected,measure/r16e.log
2026-09-30,,r16k-A.log,96.31,82.65,7.0,41.42,72.67,2.03,61.02,83.14,4.12,,,,1764,1832,1864,54.16,96768,0.92,71/76/86/90/0,72/78/93/146/0,0.00737,98.33,0.0047,0.0163,99.23,0.0085,,,1866,R15 outputs on TR3 weights,r16k A (=r16j+WAKE),A/B arm A: r16j + WAKE=auto,control (production config at the time),measure/r16k-A.log
2026-09-30,,r16k-B.log,96.5,82.49,7.0,42.78,72.64,2.12,56.68,80.37,3.58,,,,1744,1825,1857,53.17,96768,0.93,72/80/91/132/0,72/78/94/116/0,0.00758,98.33,0.0048,0.0161,99.23,0.0078,,,1865,R15 outputs on TR3 weights,r16k B (+KDA_STRIDED_QKV=1),A/B arm B: GLM53_KDA_STRIDED_QKV=1,adopted,measure/r16k-B.log
2026-10-01,,r16l-off.log,96.58,82.42,7.0,41.58,72.53,2.02,61.74,82.38,4.12,,,,1768,1829,1857,53.42,96768,0.90,71/77/89/144/0,73/101/131/2054/1,0.00749,98.37,0.0049,0.0154,99.21,0.0084,,,1859,R15 outputs on TR3 weights,r16l (KPOOL_DROP_LOWEST off),r16l kit with kpooldown off (= r16k behaviour),control (production config at the time),measure/r16l-off.log
2026-10-01,,r16l-on.log,95.99,82.93,7.0,41.72,73.06,2.07,54.99,80.71,3.47,,,,1740,1797,1825,53.88,96768,0.90,73/83/106/124/0,73/81/93/157/0,0.01090,98.35,0.0047,0.0161,99.22,0.0096,,,,R15 outputs on TR3 weights,r16l + KPOOL_DROP_LOWEST=1,indexer drops lowest-scored pool deterministically,reverted,measure/r16l-on.log
2026-10-01,,r16n-fk.log,96.06,82.87,7.0,42.0,73.04,2.1,54.33,80.54,3.44,,,,1885,1966,2009,49.32,96768,0.89,72/79/89/137/0,73/80/93/155/0,0.00712,98.50,0.0047,0.0170,99.24,0.0174,,,2018,R15 outputs on TR3 weights,r16n (+GLM53_KDA_FLASHKDA=1),FlashKDA 17a037d fp32-state chunked prefill for KDA,adopted,measure/r16n-fk.log
2026-10-02,,r16x-e4m3.log,96.21,82.74,7.0,42.3,72.93,2.12,60.06,81.99,3.96,,,,2215,2420,2462,39.96,96768,0.85,71/77/89/147/0,72/80/93/147/0,0.01821,97.68,0.0132,0.0483,98.65,0.0217,,,2455,R15 outputs on TR3 weights,r16x + GLM53_MOE_E4M3=1,"routed-MoE prefill on e4m3 tensor cores, all 42 layers",adopted,measure/r16x-e4m3.log
2026-10-02,,r16x-msp.log,95.91,82.99,7.0,41.71,72.96,2.06,56.68,81.47,3.64,,,,1982,2086,2129,46.25,96768,0.84,72/79/89/138/0,74/83/93/96/0,0.00764,98.44,0.0049,0.0172,99.23,0.0188,,,2121,R15 outputs on TR3 weights,r16x (+GLM53_MHC_SP=1),sequence-parallel mHC bookkeeping for prefill >=1024 tokens (TP=2),adopted,measure/r16x-msp.log
2026-10-02,,r16z2-all.log,96.32,82.64,7.0,41.89,72.91,2.06,57.39,80.68,3.67,,,,2340,2670,2751,35.58,96768,0.80,71/78/89/146/0,72/76/106/112/0,0.02415,96.92,0.0154,0.0612,98.53,0.0172,,,2752,R15 outputs on TR3 weights,r16z2 + DENSE_W8A8 all projections,W8A8 (fp8 act x fp8 weight) on all dense/shared linears,rejected,measure/r16z2-all.log
2026-10-02,,r16z2-base.log,96.15,82.78,7.0,42.12,72.67,2.07,58.83,80.93,3.81,,,,2163,2379,2449,39.89,96768,0.86,72/80/90/95/0,72/79/95/136/0,0.01952,97.72,0.0134,0.0495,98.67,0.0182,,,2453,R15 outputs on TR3 weights,r16z2 base (e4m3 on),W8A8 A/B base,control (production config at the time),measure/r16z2-base.log
2026-10-02,,r16z2-sub.log,95.97,82.94,7.0,41.58,73.12,2.05,59.86,82.24,3.91,,,,2325,2571,2628,38.12,96768,0.81,72/79/91/141/0,73/82/114/153/0,0.01805,97.89,0.0140,0.0520,98.60,0.0176,,,2620,R15 outputs on TR3 weights,"r16z2 + DENSE_W8A8_ONLY=kda.in_proj_qkvbfg_a,mla.o_proj",W8A8 subset,adopted,measure/r16z2-sub.log
2026-10-03,16:27,envab-base-20261003-162721.log,95.97,82.94,7.0,42.11,73.08,2.08,57.13,81.68,3.69,,,,2330,2632,2680,36.70,96768,0.78,72/78/92/141/0,74/81/91/153/0,0.01645,97.66,0.0142,0.0519,98.61,0.0196,,,2676,R15 outputs on TR3 weights,r16z5rev(base),"Kit swap r16z2->r16z5rev with 4 deliberate default changes (idx_gate per-M NaN-aware fix, MLA fused index pass, TOKGATHER on, KV_ROWS limit); production switches FLASHKDA=1 MHC_SP=1 MOE_E4M3=1 W8A8 ONLY=kda.in_proj_qkvbfg_a,mla.o_proj",control (production config at the time),measure/envab-base-20261003-162721.log
2026-10-03,16:27,envab-levers-20261003-162721.log,96.1,82.83,7.0,42.71,72.82,2.12,58.94,81.7,3.84,,,,2320,2565,2642,37.04,96768,0.76,71/78/87/145/0,72/78/90/108/0,0.01794,97.20,0.0149,0.0552,98.57,0.0207,,,2637,R15 outputs on TR3 weights,r16z5rev+levers-off,TOKGATHER=0 and MLA_PREFILL_FUSED_INDEX=0 (reverts the new defaults = r16z2 behaviour),rejected,measure/envab-levers-20261003-162721.log
2026-10-03,17:09,envab-b-20261003-170935.log,96.25,82.71,7.0,42.1,72.62,2.06,58.32,82.2,3.82,,,,2600,2889,2951,32.91,96768,0.78,72/80/90/146/0,72/79/92/116/0,0.02059,97.18,0.0145,0.0531,98.62,0.0199,,,2956.5,R15 outputs on TR3 weights,"r16z5rev+MoE3(ACC,FOLD,MAINLOOP)",GLM53_MOE_E4M3_ACC=bf16 + FOLD_SHARED=1 + MAINLOOP=1,adopted,measure/envab-b-20261003-170935.log
2026-10-03,17:09,envab-base-20261003-170935.log,95.76,83.12,7.0,42.08,72.62,2.06,54.54,82.83,3.56,,,,2360,2629,2699,36.30,96768,0.76,71/78/89/149/0,72/78/88/91/0,0.01948,96.64,0.0142,0.0489,98.57,0.0192,,,2690,R15 outputs on TR3 weights,r16z5rev(base),Run2 base,control (production config at the time),measure/envab-base-20261003-170935.log
2026-10-03,17:09,envab-ml-20261003-170935.log,95.98,82.93,7.0,41.61,72.6,2.04,59.06,81.14,3.82,,,,2335,2675,2730,35.73,96768,0.80,72/77/89/139/0,72/80/110/151/0,0.01759,97.24,0.0140,0.0543,98.62,0.0171,,,2728,R15 outputs on TR3 weights,r16z5rev+MAINLOOP,GLM53_MOE_E4M3_MAINLOOP=1 alone (leaner e4m3 MoE mainloop),rejected,measure/envab-ml-20261003-170935.log
2026-10-03,18:01,envab-base-20261003-180144.log,95.87,83.03,7.0,41.94,72.93,2.06,58.41,82.51,3.85,,,,2557,2866,2931,33.14,96768,0.80,72/80/89/92/0,72/78/106/138/0,0.01828,97.59,0.0146,0.0540,98.53,0.0179,,,2921.5,R15 outputs on TR3 weights,r16z5rev+MoE3,Run3 base (MoE3 on),control (production config at the time),measure/envab-base-20261003-180144.log
2026-10-03,18:01,envab-c-20261003-180144.log,95.64,83.23,7.0,42.33,73.26,2.13,56.66,81.47,3.72,,,,2610,2914,2995,32.63,96768,0.78,72/79/90/141/0,74/82/116/161/0,0.01348,97.98,0.0150,0.0555,98.46,0.0226,,,2988.5,R15 outputs on TR3 weights,r16z5rev+MoE3+MHC_FUSED,GLM53_MHC_FUSED=1 (fused mHC post+prenorm),adopted,measure/envab-c-20261003-180144.log
2026-10-03,18:01,envab-c1-20261003-180144.log,96.03,82.89,7.0,41.69,72.36,2.04,54.15,80.28,3.38,,,,2633,2933,2998,33.54,96768,0.77,71/78/87/142/0,72/79/91/147/0,0.01840,97.09,0.0176,0.0688,98.42,0.0185,,,2998,R15 outputs on TR3 weights,r16z5rev+MoE3+MHC_FUSED+ROUND_A,GLM53_MHC_FUSED=1 + MHC_FUSED_ROUND_A=1,rejected,measure/envab-c1-20261003-180144.log
2026-10-03,19:00,envab-base-20261003-190011.log,96.01,82.91,7.0,42.1,72.96,2.08,57.87,81.24,3.72,,,,2593,2923,2982,32.54,96768,0.79,71/77/86/134/0,73/79/105/145/0,0.02145,96.70,0.0148,0.0577,98.57,0.0188,,,2997.5,R15 outputs on TR3 weights,r16z5rev+MoE3+MHC_FUSED,Run4 base,control (production config at the time),measure/envab-base-20261003-190011.log
2026-10-03,19:00,envab-d-20261003-190011.log,96.38,82.59,7.0,41.85,72.76,2.05,60.38,82.6,4.03,,,,2648,2980,3049,31.98,96768,0.73,71/77/89/137/0,72/79/88/91/0,0.01938,97.35,0.0153,0.0580,98.54,0.0201,,,3045,R15 outputs on TR3 weights,+FP8AG(GMARGIN 1.02),GLM53_DENSE_W8A8_FP8AG=1 (fp8 sequence-parallel all-gather of KDA in_proj input),rejected,measure/envab-d-20261003-190011.log
2026-10-03,19:41,envab-base-20261003-194105.log,95.86,83.04,7.0,41.4,73.03,2.05,59.4,82.18,3.95,,,,2579,2902,2976,32.57,96768,0.78,71/78/87/138/0,72/78/90/114/0,0.02235,96.74,0.0151,0.0565,98.51,0.0200,,,2982.5,R15 outputs on TR3 weights,r16z5rev+MoE3+MHC_FUSED,Run4b base,control (production config at the time),measure/envab-base-20261003-194105.log
2026-10-03,19:41,envab-d-20261003-194105.log,95.96,82.95,7.0,41.64,73.01,2.05,60.03,82.61,4.0,,,,2672,2967,3040,31.92,96768,0.76,72/78/91/150/0,73/79/92/133/0,0.01745,97.57,0.0142,0.0519,98.56,0.0185,,,3046,R15 outputs on TR3 weights,+FP8AG(GMARGIN 1.01),GLM53_DENSE_W8A8_FP8AG=1,adopted,measure/envab-d-20261003-194105.log
2026-10-03,20:15,envab-a1-20261003-201531.log,96.16,82.78,7.0,41.43,72.83,2.02,57.37,82.07,3.75,,,,2752,3054,3128,31.78,96768,0.72,72/79/90/145/0,73/81/90/159/0,0.01953,96.90,0.0241,0.0929,98.16,0.0185,,,3122.5,R15 outputs on TR3 weights,W8A8 all minus mla.o (a1),GLM53_DENSE_W8A8_SKIP_LAYERS list (44 chars; mla.o_proj skipped on layers 0-44) = all-projection W8A8 except mla.o_proj,rejected,measure/envab-a1-20261003-201531.log
2026-10-03,20:15,envab-a2-20261003-201531.log,95.89,83.01,7.0,41.32,73.07,2.03,57.58,82.1,3.76,,,,2683,3044,3134,31.00,96768,0.78,72/78/89/135/0,73/80/110/137/0,0.01529,98.09,0.0164,0.0613,98.55,0.0186,,,3134.5,R15 outputs on TR3 weights,W8A8 all minus mla.o on 19-39 (a2),SKIP_LAYERS list (45 chars) = all-projection W8A8 except mla.o_proj on layers 19-39,rejected,measure/envab-a2-20261003-201531.log
2026-10-03,20:15,envab-a4-20261003-201531.log,96.13,82.81,7.0,41.85,73.11,2.07,60.18,82.2,3.97,,,,2767,3077,3130,32.09,96768,0.78,72/78/89/145/0,72/78/87/91/0,0.02240,97.11,0.0248,0.0926,98.11,0.0217,,,3133.5,R15 outputs on TR3 weights,W8A8 all minus mla.o variant (a4),SKIP_LAYERS list (78 chars),rejected,measure/envab-a4-20261003-201531.log
2026-10-03,20:15,envab-base-20261003-201531.log,95.85,83.05,7.0,42.0,72.87,2.06,62.79,83.55,4.3,,,,2669,2987,3033,32.81,96768,0.78,71/77/86/89/0,72/78/105/144/0,0.01180,98.31,0.0141,0.0508,98.69,0.0253,,,3032.5,R15 outputs on TR3 weights,+FP8AG (W8A8 sub),"Run5 base = W8A8 ONLY=kda.in_proj_qkvbfg_a,mla.o_proj",control (production config at the time),measure/envab-base-20261003-201531.log
2026-10-03,20:15,envab-e1-20261003-201531.log,95.94,82.9,7.0,41.9,72.65,2.06,58.91,81.3,3.8,,,,2694,3065,3167,30.56,96768,0.78,72/78/89/161/0,72/78/93/142/0,0.02227,97.11,0.0231,0.0841,98.29,0.0203,,,3182,R15 outputs on TR3 weights,W8A8 all + hi+lo (e1),GLM53_DENSE_W8A8_HILO=<5 projections> HILO_SEL=first,rejected,measure/envab-e1-20261003-201531.log
2026-10-03,20:15,envab-e2-20261003-201531.log,96.19,82.75,7.0,41.78,72.73,2.05,61.69,83.28,4.17,,,,2733,3104,3180,30.54,96768,0.76,72/80/93/152/0,73/83/94/151/0,0.01829,97.42,0.0232,0.0878,98.13,0.0184,,,3186,R15 outputs on TR3 weights,"W8A8 all + hi+lo (e2, repeat)","same as e1, second boot",rejected,measure/envab-e2-20261003-201531.log
2026-10-03,22:02,envab-base-20261003-220247.log,96.49,82.5,7.0,42.19,72.86,2.1,58.05,81.53,3.74,,,,2648,2957,3020,32.11,96768,0.77,73/80/90/135/0,72/79/90/148/0,0.01842,97.29,0.0145,0.0514,98.59,0.0192,,,3016.5,R15 outputs on TR3 weights,+FP8AG (base),Run6 base,control (production config at the time),measure/envab-base-20261003-220247.log
2026-10-03,22:02,envab-s2-20261003-220247.log,96.07,82.86,7.0,41.24,73.01,2.02,59.49,82.71,3.95,,,,2642,2962,3039,32.09,96768,0.77,71/78/94/115/0,72/77/91/148/0,0.02119,96.74,0.0153,0.0576,98.57,0.0179,,,3042,R15 outputs on TR3 weights,+MHC_SP2,GLM53_MHC_SP2=1 (pipelined SP for odd-T tail),rejected,measure/envab-s2-20261003-220247.log
2026-10-04,00:44,envab-acc32-20261004-004421.log,95.33,83.5,7.0,41.96,72.75,2.07,58.77,84.39,3.99,,,,2359,2725,2791,34.97,96768,0.81,73/81/91/98/0,72/78/107/145/0,0.01845,97.24,0.0157,0.0578,98.49,0.0194,0.50117,0.00960,2805.5,R15 outputs on TR3 weights,P1 acc32,GLM53_MOE_E4M3_ACC unset(fp32) and FOLD off (diagnostic),rejected,measure/envab-acc32-20261004-004421.log
2026-10-04,00:44,envab-base-20261004-004421.log,95.84,82.48,7.0,41.52,73.04,2.08,54.7,80.06,3.39,,,,2640,2962,3036,32.17,96768,0.77,72/78/89/137/0,73/79/91/140/0,0.01813,97.55,0.0139,0.0521,98.63,0.0184,0.50174,0.01284,3027.5,R15 outputs on TR3 weights,P1 base,klh first calibration run: base (TR3 weights),control (production config at the time),measure/envab-base-20261004-004421.log
2026-10-04,00:44,envab-base2-20261004-004421.log,96.2,82.74,7.0,41.45,72.75,2.02,62.89,83.91,4.31,,,,2621,2940,3021,32.13,96768,0.79,71/78/89/140/0,72/79/90/103/0,0.01540,97.79,0.0143,0.0532,98.59,0.0200,0.50173,0.01189,3024,R15 outputs on TR3 weights,P1 base2,A/A control (restart),control (production config at the time),measure/envab-base2-20261004-004421.log
2026-10-04,00:44,envab-e4off-20261004-004421.log,96.32,82.64,7.0,41.89,73.09,2.09,58.08,81.05,3.71,,,,2153,2393,2419,40.27,96768,0.77,72/78/93/150/0,72/80/92/147/0,0.01029,97.92,0.0065,0.0224,99.11,0.0189,0.49979,0.00531,2437.5,R15 outputs on TR3 weights,P1 e4off,GLM53_MOE_E4M3=0 + GLM53_MOE_FUSED16=1 (exact fp16 MoE prefill),rejected,measure/envab-e4off-20261004-004421.log
2026-10-04,02:43,envab-base-20261004-024325.log,95.92,82.99,7.0,41.06,72.98,2.03,51.78,79.93,3.17,,,,2554,2951,3017,32.08,96768,0.77,72/78/90/140/0,72/79/92/137/0,0.02041,97.07,0.0150,0.0586,98.58,0.0184,0.50175,0.01207,3026.5,R15 outputs on TR3 weights,P4 base,Run P4 base,control (production config at the time),measure/envab-base-20261004-024325.log
2026-10-04,02:43,envab-d16a-20261004-024325.log,95.67,82.88,7.0,42.33,73.04,2.09,48.02,80.58,3.13,,,,2615,2945,3004,33.03,96768,0.75,73/79/90/145/0,72/80/94/156/0,0.01539,97.37,0.0141,0.0523,98.62,0.0195,0.50217,0.01187,3006,R15 outputs on TR3 weights,P4 d16a,GLM53_MOE_E4M3_DOWN_LAYERS=3-12 (f16 down on first 10 MoE layers),rejected,measure/envab-d16a-20261004-024325.log
2026-10-04,02:43,envab-l8-20261004-024325.log,96.01,82.91,7.0,42.31,72.92,2.1,59.6,82.48,4.01,,,,2469,2822,2887,33.70,96768,0.77,71/77/87/139/0,72/79/91/147/0,0.01735,97.18,0.0132,0.0488,98.61,0.0204,0.50111,0.01219,2895,R15 outputs on TR3 weights,P4 l8,FUSED16=1 + E4M3_LAYERS=3-36 (last 8 MoE layers exact),rejected,measure/envab-l8-20261004-024325.log
2026-10-04,02:43,envab-x4-20261004-024325.log,96.29,82.66,7.0,42.22,72.93,2.11,58.89,81.74,3.84,,,,2528,2886,2947,33.85,96768,0.76,71/76/87/142/0,73/80/109/143/0,0.01824,97.40,0.0132,0.0480,98.53,0.0176,0.50233,0.01265,2952.5,R15 outputs on TR3 weights,P4 x4,FUSED16=1 + E4M3_LAYERS=7-44 (first 4 MoE layers exact),rejected,measure/envab-x4-20261004-024325.log
2026-10-04,02:43,envab-x8-20261004-024325.log,96.97,82.09,7.0,42.08,72.44,2.05,61.54,82.5,4.12,,,,2614,2852,2901,33.86,96768,0.72,71/78/90/141/0,71/77/89/92/0,0.01724,97.59,0.0132,0.0500,98.68,0.0193,0.50142,0.01179,2894.5,R15 outputs on TR3 weights,P4 x8,FUSED16=1 + E4M3_LAYERS=11-44 (first 8 exact),rejected,measure/envab-x8-20261004-024325.log
2026-10-04,05:34,envab-base-20261004-053418.log,96.29,82.67,7.0,41.95,72.78,2.1,61.26,82.98,4.12,,,,2709,2983,3044,32.15,96768,0.74,72/78/89/150/0,72/77/89/150/0,0.01263,98.05,0.0144,0.0525,98.66,0.0191,0.50232,0.01198,3044.5,R15 outputs on TR3 weights,P4b base,Run P4b base,control (production config at the time),measure/envab-base-20261004-053418.log
2026-10-04,05:34,envab-dl16-20261004-053418.log,95.98,82.93,7.0,41.68,73.08,2.05,56.17,80.98,3.58,,,,2624,2920,2977,32.96,96768,0.79,72/78/86/143/0,72/78/113/149/0,0.01567,97.55,0.0134,0.0508,98.57,0.0275,,,,R15 outputs on TR3 weights,P4b dl16,"DOWN_LAYERS variant (aborted: no idle gate samples, rc 8)",rejected,measure/envab-dl16-20261004-053418.log
2026-10-04,05:34,envab-l4-20261004-053418.log,96.46,82.52,7.0,41.76,72.55,2.05,57.22,80.83,3.65,,,,2606,2891,2951,32.81,96768,0.77,71/78/89/135/0,71/77/90/113/0,0.01689,97.40,0.0132,0.0516,98.66,0.0191,0.50114,0.01209,2953,R15 outputs on TR3 weights,P4b l4,FUSED16=1 + E4M3_LAYERS=3-40 (last 4 MoE layers 41-44 exact),rejected,measure/envab-l4-20261004-053418.log
2026-10-04,08:15,envab-a2-20261004-081513.log,95.85,83.04,7.0,40.52,73.02,2.0,59.07,81.76,3.88,,,,2717,3098,3143,30.97,96768,0.76,72/79/91/141/0,72/80/89/93/0,0.01719,97.79,0.0169,0.0695,98.46,0.0187,0.50321,0.01294,3170,R15 outputs on TR3 weights,P4c2 a2,"W8A8 SKIP_LAYERS (a2, repeat)",rejected,measure/envab-a2-20261004-081513.log
2026-10-04,08:15,envab-base-20261004-081513.log,96.9,82.14,7.0,42.37,72.32,2.06,59.73,81.33,3.88,,,,2746,3007,3058,32.14,96768,0.74,71/80/122/155/0,72/77/88/139/0,0.01661,97.83,0.0145,0.0547,98.61,0.0211,0.50205,0.01188,3058,R15 outputs on TR3 weights,P4c2 base,Run P4c2 base,control (production config at the time),measure/envab-base-20261004-081513.log
2026-10-04,08:15,envab-base2-20261004-081513.log,96.19,82.75,7.0,42.53,73.03,2.11,59.24,81.78,3.88,,,,2599,2965,3026,32.17,96768,0.76,72/77/91/149/0,73/81/94/143/0,0.01937,97.09,0.0138,0.0532,98.54,0.0249,0.50128,0.01234,3035,R15 outputs on TR3 weights,P4c2 base2,"A/A control: NLL -0.0008 [-0.0017,+0.00003] pfKL -0.0003 significant => restart-to-restart component not negligible at 0.001 level",control (production config at the time),measure/envab-base2-20261004-081513.log
2026-10-04,08:15,envab-l4-20261004-081513.log,96.21,82.74,7.0,42.3,73.02,2.09,58.7,82.43,3.88,,,,2599,2922,2949,33.71,96768,0.75,71/78/89/139/0,72/77/106/171/0,0.01916,97.57,0.0143,0.0508,98.61,0.0191,0.50161,0.01275,2959.5,R15 outputs on TR3 weights,P4c2 l4,FUSED16=1 + E4M3_LAYERS=3-40 (repeat),rejected,measure/envab-l4-20261004-081513.log
2026-10-04,08:15,envab-l4a2-20261004-081513.log,95.82,83.07,7.0,42.39,72.75,2.09,59.15,82.2,3.89,,,,2662,3015,3081,31.76,96768,0.79,72/80/111/154/0,72/78/88/134/0,0.01996,97.37,0.0170,0.0622,98.53,0.0187,0.50264,0.01393,3084.5,R15 outputs on TR3 weights,P4c2 l4a2,l4 + a2 combined,rejected,measure/envab-l4a2-20261004-081513.log
2026-10-04,11:09,envab-base-20261004-110957.log,96.08,82.85,7.0,41.92,72.94,2.08,63.46,83.67,4.35,,,,2643,3004,3044,31.93,96768,0.76,72/79/90/116/0,73/81/93/107/0,0.01859,97.46,0.0141,0.0525,98.60,0.0201,0.50165,0.01252,,R15 outputs on TR3 weights,P3 base (TR3),P3 checkpoint test base with TR3 weights,control (production config at the time),measure/envab-base-20261004-110957.log
2026-10-04,11:09,envab-base2-20261004-110957.log,96.22,82.72,7.0,42.51,72.75,2.11,60.96,82.33,4.03,,,,2579,2956,3034,32.06,96768,0.78,72/78/90/149/0,72/79/88/94/0,0.01833,97.20,0.0139,0.0522,98.58,0.0167,0.50163,0.01184,,R15 outputs on TR3 weights,P3 base2 (TR3),TR3 A/A after revert,control (production config at the time),measure/envab-base2-20261004-110957.log
2026-10-04,11:09,envab-ckpt-20261004-110957.log,96.73,82.3,7.0,43.3,73.17,2.17,60.46,83.97,4.13,,,,2590,2937,3021,32.07,96768,0.76,72/80/95/140/0,73/80/106/149/0,0.01541,97.92,0.0568,0.2350,97.17,0.0619,0.50015,0.01195,,R15 outputs on TR3 weights (this arm runs TensorFold weights: long/short KL not comparable),P3 ckpt,"Mia-AiLab/GLM-5.3-Flash-EXL3-4bpw-TensorFold @6c5b2826 replacing TR3 (same format/bit width, newer calibration)",adopted,measure/envab-ckpt-20261004-110957.log
2026-10-04,11:09,envab-ckptb-20261004-110957.log,96.49,82.5,7.0,43.37,72.97,2.15,60.73,84.11,4.15,,,,2675,2966,3044,32.02,96768,0.77,73/80/92/177/0,73/80/107/141/0,0.01886,97.24,0.0531,0.2191,97.30,0.0623,0.50018,0.01339,,R15 outputs on TR3 weights (this arm runs TensorFold weights: long/short KL not comparable),P3 ckptb,"TensorFold checkpoint, second boot",adopted,measure/envab-ckptb-20261004-110957.log
2026-10-04,15:01,envab-base-20261004-150149.log,96.99,82.07,7.0,42.14,72.59,2.08,60.61,84.04,4.13,,,,2649,2988,3051,31.92,96768,0.75,72/79/91/178/0,73/81/90/93/0,0.02185,96.66,0.0557,0.2290,97.17,0.0651,0.50037,0.01145,3043.5,R15 outputs on TR3 weights (weights now TensorFold calibration: long/short KL not comparable),z6kl base (TensorFold),r16z6rev kit with production switches; first measurement on TensorFold weights; run A of KDA_LAZY,control (production config at the time),measure/envab-base-20261004-150149.log
2026-10-04,15:01,envab-kl-20261004-150149.log,96.51,82.48,7.0,40.09,72.17,1.91,47.81,77.3,2.73,,,,2686,2966,3055,31.95,96768,0.76,71/78/135/144/0,78/89/170/176/0,0.41465,88.48,0.0551,0.2261,97.21,0.0627,0.50021,0.20585,,R15 outputs on TR3 weights (weights now TensorFold calibration: long/short KL not comparable),z6kl kl (KDA_LAZY v1),GLM53_DEC_KDA_LAZY=1 (v1),rejected,measure/envab-kl-20261004-150149.log
2026-10-04,20:58,envab-b2-20261004-205809.log,96.88,82.16,7.0,41.71,72.9,2.05,60.35,84.22,4.12,40.1,69.04,1.77,2711,2987,3055,32.23,96768,0.78,71/78/90/151/0,72/78/93/146/0,0.01714,97.66,0.0549,0.2210,97.19,0.0511,0.50063,0.01277,3050,R15 outputs on TR3 weights (weights now TensorFold calibration: long/short KL not comparable),z6kl2 b2,A/A control (KDA_LAZY=0),control (production config at the time),measure/envab-b2-20261004-205809.log
2026-10-04,20:58,envab-base-20261004-205809.log,96.81,82.23,7.0,44.32,73.64,2.27,61.08,84.31,4.2,39.63,68.95,1.76,2601,2955,3036,31.95,96768,0.77,71/77/87/143/0,72/79/107/143/0,0.01741,97.57,0.0537,0.2191,97.27,0.0627,0.50015,0.01177,3048,R15 outputs on TR3 weights (weights now TensorFold calibration: long/short KL not comparable),z6kl2 base,r16z6rev-kl2 kit base (KDA_LAZY off),control (production config at the time),measure/envab-base-20261004-205809.log
2026-10-04,20:58,envab-kl-20261004-205809.log,99.47,80.03,7.0,45.15,72.07,2.27,62.31,81.96,4.13,41.48,67.68,1.83,2648,2990,3049,32.14,96768,0.77,70/75/87/144/0,72/78/86/149/0,0.01820,97.46,0.0553,0.2357,97.23,0.0607,0.49983,0.01203,3042,R15 outputs on TR3 weights (weights now TensorFold calibration: long/short KL not comparable),z6kl2 kl (KDA_LAZY v2),"GLM53_DEC_KDA_LAZY=1 (v2: layer identity by (state ptr, A_log ptr))",adopted,measure/envab-kl-20261004-205809.log
2026-10-04,20:58,envab-kl2-20261004-205809.log,98.87,80.51,7.0,42.55,72.24,2.06,61.95,81.94,4.13,41.04,67.83,1.86,2681,2992,3029,33.03,96768,0.76,71/77/87/93/0,72/78/93/121/0,0.01862,97.20,0.0544,0.2301,97.24,0.0636,0.50026,0.01109,3049.5,R15 outputs on TR3 weights (weights now TensorFold calibration: long/short KL not comparable),z6kl2 kl2,KDA_LAZY=1 second boot,adopted,measure/envab-kl2-20261004-205809.log
2026-10-05,08:52,envab-base-20261005-085224.log,99.35,80.12,7.0,44.12,71.6,2.19,61.36,81.71,4.09,40.53,67.46,1.75,2647,2978,3054,32.18,96768,0.72,71/76/88/139/0,70/75/87/141/0,0.02094,97.50,0.0547,0.2257,97.18,0.0641,0.50007,0.01154,,R15 outputs on TR3 weights (weights now TensorFold calibration: long/short KL not comparable),z7 swap base,r16z7 kit swap (kl2+prefixhit+vtrim) base measurement before o_proj-transplant,control (production config at the time),measure/envab-base-20261005-085224.log
2026-10-05,10:17,envab-b2-20261005-101703.log,98.06,81.18,7.0,43.56,72.16,2.16,62.1,81.61,4.05,42.08,67.97,1.87,2569,2975,3026,32.01,96768,0.78,71/76/84/88/0,71/79/91/149/0,0.01432,98.00,0.0573,0.2433,97.09,0.0649,0.50364,0.01094,3033,R15 outputs on TR3 weights (weights now TensorFold calibration: long/short KL not comparable); o_proj transplant on,z7tail b2,A/A control (TAIL_POSITIONS=0),control (production config at the time),measure/envab-b2-20261005-101703.log
2026-10-05,10:17,envab-base-20261005-101703.log,98.89,80.5,7.0,45.0,72.24,2.26,63.39,82.26,4.24,41.73,67.72,1.85,2648,2977,3072,31.76,96768,0.77,70/77/87/93/0,72/78/88/142/0,0.01701,97.31,0.0591,0.2507,97.11,0.0625,0.50378,0.01015,3065.5,R15 outputs on TR3 weights (weights now TensorFold calibration: long/short KL not comparable); o_proj transplant on,z7tail base (o_proj-transplant on),r16z7 + KDA_LAZY + o_proj-transplant on; base for KPOOL_TAIL A/B,control (production config at the time),measure/envab-base-20261005-101703.log
2026-10-05,10:17,envab-tp-20261005-101703.log,98.34,80.94,7.0,44.45,72.03,2.22,63.4,82.15,4.26,42.1,68.1,1.9,2741,2989,3057,32.22,96768,0.74,71/77/86/137/0,71/77/90/142/0,0.01443,97.83,0.0578,0.2455,97.07,0.0637,0.50392,0.00976,3055,R15 outputs on TR3 weights (weights now TensorFold calibration: long/short KL not comparable); o_proj transplant on,z7tail tp,GLM53_KPOOL_TAIL_POSITIONS=2 (fix of tail-ring sharing across requests),adopted,measure/envab-tp-20261005-101703.log
2026-10-05,10:17,envab-tp2-20261005-101703.log,98.55,80.77,7.0,42.75,72.64,2.12,61.79,82.09,4.12,42.31,68.37,1.89,2665,3000,3043,31.89,96768,0.75,71/78/89/146/0,72/79/95/142/0,0.01043,98.31,0.0584,0.2418,97.08,0.0618,0.50345,0.01024,3052.5,R15 outputs on TR3 weights (weights now TensorFold calibration: long/short KL not comparable); o_proj transplant on,z7tail tp2,TAIL_POSITIONS=2 second boot,adopted,measure/envab-tp2-20261005-101703.log
2026-10-05,13:08,envab-all-20261005-130811.log,99.73,79.81,7.0,45.53,71.55,2.27,64.4,81.64,4.25,44.03,67.22,1.98,2677,2969,3043,31.87,96768,0.77,69/75/87/125/0,70/76/110/163/0,0.01931,97.29,0.0571,0.2424,97.11,0.0649,0.50344,0.01152,3050,R15 outputs on TR3 weights (weights now TensorFold calibration: long/short KL not comparable); o_proj transplant on,z8p all,GLM53_DEC_DLMH=1 + GLM53_DEC_AR1SHOT=1 + GLM53_MLA_PLAN_PIN=1,adopted,measure/envab-all-20261005-130811.log
2026-10-05,13:08,envab-all2-20261005-130811.log,99.77,79.78,7.0,42.97,71.28,2.09,62.35,80.63,4.06,43.42,67.0,1.93,2609,2997,3048,32.11,96768,0.79,70/77/86/89/0,70/77/96/156/0,0.02024,96.66,0.0577,0.2445,97.12,0.0631,0.50392,0.01184,3054,R15 outputs on TR3 weights (weights now TensorFold calibration: long/short KL not comparable); o_proj transplant on,z8p all2,"all three on, second boot",adopted,measure/envab-all2-20261005-130811.log
2026-10-05,13:08,envab-b2-20261005-130811.log,98.19,81.07,7.0,41.99,71.78,2.01,60.41,81.68,3.95,42.73,67.95,1.9,2652,3005,3005,32.44,96768,0.75,70/76/90/147/0,72/78/90/160/0,0.01746,97.61,0.0582,0.2415,97.13,0.0645,0.50375,0.01141,3049,R15 outputs on TR3 weights (weights now TensorFold calibration: long/short KL not comparable); o_proj transplant on,z8p b2,A/A control (all three off),control (production config at the time),measure/envab-b2-20261005-130811.log
2026-10-05,13:08,envab-base-20261005-130811.log,98.23,81.03,7.0,46.36,73.5,2.42,60.93,81.77,4.01,40.63,69.52,1.87,2682,2952,3017,32.13,96768,0.76,72/87/156/6728/3,71/78/88/110/0,0.01353,98.05,0.0585,0.2535,97.05,0.0632,0.50403,0.01154,3021.5,R15 outputs on TR3 weights (weights now TensorFold calibration: long/short KL not comparable); o_proj transplant on,z8p base,"r16z8p kit (z7 + DLMH + AR1SHOT + PLANPIN + persistent o_proj-transplant) base, new switches off",control (production config at the time),measure/envab-base-20261005-130811.log
2026-10-05,15:22,envab-b2-20261005-152205.log,99.36,80.11,7.0,43.05,70.97,2.09,62.2,81.0,4.05,42.23,67.17,1.84,2654,2946,3020,,,,69/75/86/133/0,70/77/93/134/0,0.01769,97.46,0.0590,0.2427,97.12,0.0642,0.50382,0.01204,3031,R15 outputs on TR3 weights (weights now TensorFold calibration: long/short KL not comparable); o_proj transplant on,z8pvt b2,A/A control (VTRIM=off),control (production config at the time),measure/envab-b2-20261005-152205.log
2026-10-05,15:22,envab-base-20261005-152205.log,100.24,79.41,7.0,44.93,70.73,2.19,63.63,80.65,4.18,41.99,66.78,1.81,2597,2946,3051,34.21,96768,0.79,69/75/85/137/0,70/75/88/134/0,0.01809,97.31,0.0578,0.2349,97.18,0.0630,0.50369,0.01108,3052,R15 outputs on TR3 weights (weights now TensorFold calibration: long/short KL not comparable); o_proj transplant on,z8pvt base,"z8p production switches, VTRIM unset",control (production config at the time),measure/envab-base-20261005-152205.log
2026-10-05,15:22,envab-on-20261005-152205.log,99.69,79.84,7.0,45.42,67.51,2.11,60.26,77.72,3.78,44.31,62.36,1.9,2620,2966,3041,31.91,96768,0.77,64/71/88/1917/2,65/73/100/134/0,0.01868,97.29,0.0590,0.2395,97.15,0.0636,0.50363,0.01119,3016.5,R15 outputs on TR3 weights (weights now TensorFold calibration: long/short KL not comparable); o_proj transplant on,z8pvt on,GLM53_SPEC_VTRIM=on TAU=0.3 (verify-length trimming from drafter confidence),adopted,measure/envab-on-20261005-152205.log
2026-10-05,15:22,envab-on2-20261005-152205.log,99.75,79.8,7.0,48.94,67.92,2.38,62.64,78.29,3.96,44.83,62.27,1.8,2589,2959,3051,31.85,96768,0.73,66/73/81/85/0,66/73/102/135/0,0.01350,97.96,0.0590,0.2490,97.05,0.0653,0.50303,0.01118,3043,R15 outputs on TR3 weights (weights now TensorFold calibration: long/short KL not comparable); o_proj transplant on,z8pvt on2,VTRIM on second boot,adopted,measure/envab-on2-20261005-152205.log
